,은행코드,은행명,bank_code_labeled
0,A17,웰컴저축은행,0
1,A17,웰컴저축은행,0
2,007,수협은행,1
3,A16,예가람저축은행,2
4,034,광주은행,3
5,032,부산은행,4
6,039,경남은행,5
7,032,부산은행,4
8,A05,OK저축은행,6
9,A23,하나저축,7
10,007,수협은행,1
11,D07,머스트삼일저축은행,8
12,088,신한은행,9
13,088,신한은행,9
14,011,농협은행,10
15,088,신한은행,9
16,032,부산은행,4
17,032,부산은행,4
18,011,농협은행,10
19,088,신한은행,9
20,007,수협은행,1
21,007,수협은행,1
22,007,수협은행,1
23,A09,The-K 저축은행,11
24,A11,HB 저축은행,12
25,A11,HB 저축은행,12
26,A19,다올 저축은행,13
27,A19,다올 저축은행,13
28,A19,다올 저축은행,13
29,011,농협은행,10
30,034,광주은행,3
31,032,부산은행,4
32,007,수협은행,1
33,007,수협은행,1
34,007,수협은행,1
35,034,광주은행,3
36,032,부산은행,4
37,032,부산은행,4
38,032,부산은행,4
39,088,신한은행,9
40,A15,애큐온저축은행,14
41,A09,The-K 저축은행,11
42,A15,애큐온저축은행,14
43,A14,신한저축은행,15
44,020,우리은행,16
45,088,신한은행,9
46,D05,드림저축은행,17
47,A16,예가람저축은행,2
48,034,광주은행,3
49,088,신한은행,9
50,034,광주은행,3
51,D02,대백저축은행,18
52,D05,드림저축은행,17
53,003,기업은행,19
54,034,광주은행,3
55,034,광주은행,3
56,088,신한은행,9
57,A15,애큐온저축은행,14
58,011,농협은행,10
59,011,농협은행,10
60,D08,엠에스저축은행,20
61,032,부산은행,4
62,Z03,카카오뱅크,21
63,A05,OK저축은행,6
64,E05,센트럴저축은행,22
65,A06,OSB저축은행,23
66,A03,KB저축은행,24
67,004,국민은행,25
68,E04,삼호저축은행,26
69,003,기업은행,19
70,020,우리은행,16
71,020,우리은행,16
72,004,국민은행,25
73,020,우리은행,16
74,011,농협은행,10
75,011,농협은행,10
76,037,전북은행,27
77,088,신한은행,9
78,088,신한은행,9
79,020,우리은행,16
80,039,경남은행,5
81,A03,KB저축은행,24
82,039,경남은행,5
83,A03,KB저축은행,24
84,039,경남은행,5
85,032,부산은행,4
86,032,부산은행,4
87,004,국민은행,25
88,031,대구은행,28
89,039,경남은행,5
90,D05,드림저축은행,17
91,C10,조흥저축은행,29
92,A15,애큐온저축은행,14
93,032,부산은행,4
94,032,부산은행,4
95,004,국민은행,25
96,004,국민은행,25
97,004,국민은행,25
98,D05,드림저축은행,17
99,032,부산은행,4
100,032,부산은행,4
101,032,부산은행,4
102,A06,OSB저축은행,23
103,032,부산은행,4
104,A06,OSB저축은행,23
105,A10,민국저축은행,30
106,A06,OSB저축은행,23
107,A06,OSB저축은행,23
108,B01,JT저축은행,31
109,A10,민국저축은행,30
110,A10,민국저축은행,30
111,A06,OSB저축은행,23
112,088,신한은행,9
113,B01,JT저축은행,31
114,F05,오투저축은행,32
115,B01,JT저축은행,31
116,F02,상상인플러스저축은행,33
117,A10,민국저축은행,30
118,F02,상상인플러스저축은행,33
119,032,부산은행,4
120,003,기업은행,19
121,088,신한은행,9
122,088,신한은행,9
123,B02,금화저축은행,34
124,B02,금화저축은행,34
125,007,수협은행,1
126,B03,남양저축은행,35
127,B05,부림저축은행,36
128,007,수협은행,1
129,B03,남양저축은행,35
130,071,우체국,37
131,B05,부림저축은행,36
132,B05,부림저축은행,36
133,B05,부림저축은행,36
134,B05,부림저축은행,36
135,B05,부림저축은행,36
136,003,기업은행,19
137,003,기업은행,19
138,071,우체국,37
139,003,기업은행,19
140,003,기업은행,19
141,003,기업은행,19
142,031,대구은행,28
143,003,기업은행,19
144,D07,머스트삼일저축은행,8
145,071,우체국,37
146,032,부산은행,4
147,032,부산은행,4
148,032,부산은행,4
149,032,부산은행,4
150,032,부산은행,4
151,032,부산은행,4
152,A22,푸른저축,38
153,032,부산은행,4
154,032,부산은행,4
155,032,부산은행,4
156,032,부산은행,4
157,032,부산은행,4
158,003,기업은행,19
159,A17,웰컴저축은행,0
160,A22,푸른저축,38
161,A22,푸른저축,38
162,003,기업은행,19
163,032,부산은행,4
164,032,부산은행,4
165,032,부산은행,4
166,032,부산은행,4
167,032,부산은행,4
168,003,기업은행,19
169,003,기업은행,19
170,007,수협은행,1
171,007,수협은행,1
172,003,기업은행,19
173,007,수협은행,1
174,F05,오투저축은행,32
175,032,부산은행,4
176,003,기업은행,19
177,071,우체국,37
178,081,하나은행,39
179,032,부산은행,4
180,032,부산은행,4
181,032,부산은행,4
182,032,부산은행,4
183,032,부산은행,4
184,032,부산은행,4
185,032,부산은행,4
186,032,부산은행,4
187,032,부산은행,4
188,032,부산은행,4
189,032,부산은행,4
190,032,부산은행,4
191,081,하나은행,39
192,032,부산은행,4
193,081,하나은행,39
194,081,하나은행,39
195,081,하나은행,39
196,A14,신한저축은행,15
197,088,신한은행,9
198,088,신한은행,9
199,088,신한은행,9
200,088,신한은행,9
201,088,신한은행,9
202,088,신한은행,9
203,088,신한은행,9
204,088,신한은행,9
205,034,광주은행,3
206,A15,애큐온저축은행,14
207,A15,애큐온저축은행,14
208,A16,예가람저축은행,2
209,D05,드림저축은행,17
210,A16,예가람저축은행,2
211,A16,예가람저축은행,2
212,A16,예가람저축은행,2
213,A16,예가람저축은행,2
214,A16,예가람저축은행,2
215,A16,예가람저축은행,2
216,A16,예가람저축은행,2
217,034,광주은행,3
218,081,하나은행,39
219,F05,오투저축은행,32
220,081,하나은행,39
221,F05,오투저축은행,32
222,039,경남은행,5
223,032,부산은행,4
224,088,신한은행,9
225,088,신한은행,9
226,088,신한은행,9
227,A09,The-K 저축은행,11
228,034,광주은행,3
229,034,광주은행,3
230,034,광주은행,3
231,034,광주은행,3
232,034,광주은행,3
233,088,신한은행,9
234,034,광주은행,3
235,034,광주은행,3
236,034,광주은행,3
237,034,광주은행,3
238,004,국민은행,25
239,004,국민은행,25
240,004,국민은행,25
241,004,국민은행,25
242,004,국민은행,25
243,032,부산은행,4
244,032,부산은행,4
245,032,부산은행,4
246,032,부산은행,4
247,032,부산은행,4
248,032,부산은행,4
249,032,부산은행,4
250,004,국민은행,25
251,004,국민은행,25
252,007,수협은행,1
253,007,수협은행,1
254,007,수협은행,1
255,032,부산은행,4
256,007,수협은행,1
257,007,수협은행,1
258,007,수협은행,1
259,007,수협은행,1
260,007,수협은행,1
261,007,수협은행,1
262,007,수협은행,1
263,007,수협은행,1
264,039,경남은행,5
265,039,경남은행,5
266,039,경남은행,5
267,039,경남은행,5
268,011,농협은행,10
269,039,경남은행,5
270,039,경남은행,5
271,039,경남은행,5
272,039,경남은행,5
273,039,경남은행,5
274,039,경남은행,5
275,039,경남은행,5
276,039,경남은행,5
277,039,경남은행,5
278,039,경남은행,5
279,011,농협은행,10
280,039,경남은행,5
281,031,대구은행,28
282,039,경남은행,5
283,007,수협은행,1
284,032,부산은행,4
285,039,경남은행,5
286,039,경남은행,5
287,039,경남은행,5
288,039,경남은행,5
289,007,수협은행,1
290,039,경남은행,5
291,032,부산은행,4
292,039,경남은행,5
293,039,경남은행,5
294,039,경남은행,5
295,039,경남은행,5
296,039,경남은행,5
297,039,경남은행,5
298,039,경남은행,5
299,039,경남은행,5
300,039,경남은행,5
301,032,부산은행,4
302,039,경남은행,5
303,039,경남은행,5
304,039,경남은행,5
305,039,경남은행,5
306,032,부산은행,4
307,032,부산은행,4
308,032,부산은행,4
309,032,부산은행,4
310,039,경남은행,5
311,032,부산은행,4
312,032,부산은행,4
313,032,부산은행,4
314,032,부산은행,4
315,032,부산은행,4
316,F05,오투저축은행,32
317,039,경남은행,5
318,039,경남은행,5
319,039,경남은행,5
320,039,경남은행,5
321,039,경남은행,5
322,039,경남은행,5
323,032,부산은행,4
324,032,부산은행,4
325,032,부산은행,4
326,032,부산은행,4
327,032,부산은행,4
328,032,부산은행,4
329,003,기업은행,19
330,003,기업은행,19
331,039,경남은행,5
332,039,경남은행,5
333,032,부산은행,4
334,032,부산은행,4
335,003,기업은행,19
336,032,부산은행,4
337,032,부산은행,4
338,032,부산은행,4
339,032,부산은행,4
340,032,부산은행,4
341,032,부산은행,4
342,039,경남은행,5
343,039,경남은행,5
344,F05,오투저축은행,32
345,039,경남은행,5
346,039,경남은행,5
347,011,농협은행,10
348,039,경남은행,5
349,039,경남은행,5
350,039,경남은행,5
351,039,경남은행,5
352,011,농협은행,10
353,039,경남은행,5
354,039,경남은행,5
355,039,경남은행,5
356,039,경남은행,5
357,039,경남은행,5
358,039,경남은행,5
359,039,경남은행,5
360,039,경남은행,5
361,039,경남은행,5
362,039,경남은행,5
363,039,경남은행,5
364,039,경남은행,5
365,039,경남은행,5
366,007,수협은행,1
367,039,경남은행,5
368,039,경남은행,5
369,039,경남은행,5
370,039,경남은행,5
371,088,신한은행,9
372,039,경남은행,5
373,039,경남은행,5
374,A23,하나저축,7
375,039,경남은행,5
376,039,경남은행,5
377,088,신한은행,9
378,088,신한은행,9
379,088,신한은행,9
380,088,신한은행,9
381,088,신한은행,9
382,088,신한은행,9
383,088,신한은행,9
384,088,신한은행,9
385,088,신한은행,9
386,088,신한은행,9
387,088,신한은행,9
388,088,신한은행,9
389,088,신한은행,9
390,088,신한은행,9
391,088,신한은행,9
392,031,대구은행,28
393,088,신한은행,9
394,088,신한은행,9
395,088,신한은행,9
396,004,국민은행,25
397,088,신한은행,9
398,088,신한은행,9
399,088,신한은행,9
400,088,신한은행,9
401,088,신한은행,9
402,088,신한은행,9
403,088,신한은행,9
404,088,신한은행,9
405,088,신한은행,9
406,088,신한은행,9
407,088,신한은행,9
408,088,신한은행,9
409,088,신한은행,9
410,088,신한은행,9
411,088,신한은행,9
412,088,신한은행,9
413,088,신한은행,9
414,088,신한은행,9
415,088,신한은행,9
416,088,신한은행,9
417,088,신한은행,9
418,088,신한은행,9
419,088,신한은행,9
420,088,신한은행,9
421,D07,머스트삼일저축은행,8
422,088,신한은행,9
423,088,신한은행,9
424,088,신한은행,9
425,088,신한은행,9
426,088,신한은행,9
427,088,신한은행,9
428,D07,머스트삼일저축은행,8
429,088,신한은행,9
430,088,신한은행,9
431,088,신한은행,9
432,A06,OSB저축은행,23
433,088,신한은행,9
434,088,신한은행,9
435,088,신한은행,9
436,088,신한은행,9
437,088,신한은행,9
438,088,신한은행,9
439,088,신한은행,9
440,088,신한은행,9
441,088,신한은행,9
442,088,신한은행,9
443,004,국민은행,25
444,088,신한은행,9
445,088,신한은행,9
446,088,신한은행,9
447,D08,엠에스저축은행,20
448,088,신한은행,9
449,088,신한은행,9
450,088,신한은행,9
451,088,신한은행,9
452,088,신한은행,9
453,088,신한은행,9
454,088,신한은행,9
455,A09,The-K 저축은행,11
456,D07,머스트삼일저축은행,8
457,088,신한은행,9
458,088,신한은행,9
459,088,신한은행,9
460,A09,The-K 저축은행,11
461,D07,머스트삼일저축은행,8
462,A09,The-K 저축은행,11
463,088,신한은행,9
464,088,신한은행,9
465,088,신한은행,9
466,A09,The-K 저축은행,11
467,088,신한은행,9
468,A09,The-K 저축은행,11
469,A09,The-K 저축은행,11
470,A09,The-K 저축은행,11
471,A09,The-K 저축은행,11
472,A09,The-K 저축은행,11
473,A09,The-K 저축은행,11
474,A09,The-K 저축은행,11
475,A09,The-K 저축은행,11
476,A09,The-K 저축은행,11
477,A09,The-K 저축은행,11
478,A09,The-K 저축은행,11
479,A09,The-K 저축은행,11
480,A09,The-K 저축은행,11
481,A09,The-K 저축은행,11
482,A09,The-K 저축은행,11
483,A09,The-K 저축은행,11
484,A09,The-K 저축은행,11
485,007,수협은행,1
486,A09,The-K 저축은행,11
487,A09,The-K 저축은행,11
488,A09,The-K 저축은행,11
489,A09,The-K 저축은행,11
490,A09,The-K 저축은행,11
491,A09,The-K 저축은행,11
492,A09,The-K 저축은행,11
493,A09,The-K 저축은행,11
494,020,우리은행,16
495,A09,The-K 저축은행,11
496,A09,The-K 저축은행,11
497,A09,The-K 저축은행,11
498,A09,The-K 저축은행,11
499,A09,The-K 저축은행,11
500,A09,The-K 저축은행,11
501,A09,The-K 저축은행,11
502,A09,The-K 저축은행,11
503,A09,The-K 저축은행,11
504,A09,The-K 저축은행,11
505,A09,The-K 저축은행,11
506,A11,HB 저축은행,12
507,A09,The-K 저축은행,11
508,A09,The-K 저축은행,11
509,A09,The-K 저축은행,11
510,A09,The-K 저축은행,11
511,A09,The-K 저축은행,11
512,A11,HB 저축은행,12
513,A11,HB 저축은행,12
514,A11,HB 저축은행,12
515,A11,HB 저축은행,12
516,A11,HB 저축은행,12
517,A11,HB 저축은행,12
518,A11,HB 저축은행,12
519,A11,HB 저축은행,12
520,A11,HB 저축은행,12
521,011,농협은행,10
522,A11,HB 저축은행,12
523,A11,HB 저축은행,12
524,A11,HB 저축은행,12
525,A11,HB 저축은행,12
526,A19,다올 저축은행,13
527,A19,다올 저축은행,13
528,A19,다올 저축은행,13
529,A19,다올 저축은행,13
530,A19,다올 저축은행,13
531,034,광주은행,3
532,A19,다올 저축은행,13
533,007,수협은행,1
534,A19,다올 저축은행,13
535,A19,다올 저축은행,13
536,032,부산은행,4
537,032,부산은행,4
538,032,부산은행,4
539,032,부산은행,4
540,A19,다올 저축은행,13
541,A19,다올 저축은행,13
542,A19,다올 저축은행,13
543,A19,다올 저축은행,13
544,A19,다올 저축은행,13
545,A19,다올 저축은행,13
546,A19,다올 저축은행,13
547,A19,다올 저축은행,13
548,034,광주은행,3
549,034,광주은행,3
550,034,광주은행,3
551,034,광주은행,3
552,034,광주은행,3
553,034,광주은행,3
554,034,광주은행,3
555,034,광주은행,3
556,034,광주은행,3
557,032,부산은행,4
558,007,수협은행,1
559,F05,오투저축은행,32
560,034,광주은행,3
561,034,광주은행,3
562,034,광주은행,3
563,034,광주은행,3
564,034,광주은행,3
565,034,광주은행,3
566,034,광주은행,3
567,034,광주은행,3
568,034,광주은행,3
569,034,광주은행,3
570,034,광주은행,3
571,034,광주은행,3
572,034,광주은행,3
573,034,광주은행,3
574,034,광주은행,3
575,034,광주은행,3
576,034,광주은행,3
577,034,광주은행,3
578,D07,머스트삼일저축은행,8
579,034,광주은행,3
580,034,광주은행,3
581,032,부산은행,4
582,007,수협은행,1
583,034,광주은행,3
584,034,광주은행,3
585,034,광주은행,3
586,032,부산은행,4
587,032,부산은행,4
588,F05,오투저축은행,32
589,007,수협은행,1
590,007,수협은행,1
591,032,부산은행,4
592,034,광주은행,3
593,034,광주은행,3
594,034,광주은행,3
595,034,광주은행,3
596,034,광주은행,3
597,034,광주은행,3
598,034,광주은행,3
599,034,광주은행,3
600,034,광주은행,3
601,034,광주은행,3
602,F05,오투저축은행,32
603,007,수협은행,1
604,034,광주은행,3
605,F05,오투저축은행,32
606,034,광주은행,3
607,007,수협은행,1
608,034,광주은행,3
609,007,수협은행,1
610,007,수협은행,1
611,007,수협은행,1
612,F05,오투저축은행,32
613,032,부산은행,4
614,034,광주은행,3
615,034,광주은행,3
616,034,광주은행,3
617,032,부산은행,4
618,032,부산은행,4
619,032,부산은행,4
620,007,수협은행,1
621,007,수협은행,1
622,007,수협은행,1
623,034,광주은행,3
624,034,광주은행,3
625,034,광주은행,3
626,034,광주은행,3
627,007,수협은행,1
628,007,수협은행,1
629,034,광주은행,3
630,034,광주은행,3
631,034,광주은행,3
632,034,광주은행,3
633,034,광주은행,3
634,034,광주은행,3
635,034,광주은행,3
636,D07,머스트삼일저축은행,8
637,D05,드림저축은행,17
638,034,광주은행,3
639,Z03,카카오뱅크,21
640,034,광주은행,3
641,034,광주은행,3
642,034,광주은행,3
643,034,광주은행,3
644,034,광주은행,3
645,034,광주은행,3
646,034,광주은행,3
647,034,광주은행,3
648,034,광주은행,3
649,034,광주은행,3
650,034,광주은행,3
651,034,광주은행,3
652,034,광주은행,3
653,034,광주은행,3
654,034,광주은행,3
655,034,광주은행,3
656,034,광주은행,3
657,034,광주은행,3
658,034,광주은행,3
659,034,광주은행,3
660,034,광주은행,3
661,034,광주은행,3
662,034,광주은행,3
663,034,광주은행,3
664,034,광주은행,3
665,D07,머스트삼일저축은행,8
666,034,광주은행,3
667,034,광주은행,3
668,034,광주은행,3
669,007,수협은행,1
670,034,광주은행,3
671,034,광주은행,3
672,039,경남은행,5
673,034,광주은행,3
674,F02,상상인플러스저축은행,33
675,032,부산은행,4
676,034,광주은행,3
677,034,광주은행,3
678,034,광주은행,3
679,034,광주은행,3
680,034,광주은행,3
681,039,경남은행,5
682,034,광주은행,3
683,034,광주은행,3
684,034,광주은행,3
685,007,수협은행,1
686,032,부산은행,4
687,034,광주은행,3
688,032,부산은행,4
689,D05,드림저축은행,17
690,081,하나은행,39
691,081,하나은행,39
692,081,하나은행,39
693,037,전북은행,27
694,081,하나은행,39
695,071,우체국,37
696,081,하나은행,39
697,081,하나은행,39
698,032,부산은행,4
699,081,하나은행,39
700,D08,엠에스저축은행,20
701,D05,드림저축은행,17
702,081,하나은행,39
703,081,하나은행,39
704,039,경남은행,5
705,007,수협은행,1
706,081,하나은행,39
707,081,하나은행,39
708,081,하나은행,39
709,081,하나은행,39
710,032,부산은행,4
711,081,하나은행,39
712,081,하나은행,39
713,081,하나은행,39
714,081,하나은행,39
715,081,하나은행,39
716,081,하나은행,39
717,A16,예가람저축은행,2
718,081,하나은행,39
719,F05,오투저축은행,32
720,081,하나은행,39
721,039,경남은행,5
722,081,하나은행,39
723,081,하나은행,39
724,081,하나은행,39
725,081,하나은행,39
726,081,하나은행,39
727,032,부산은행,4
728,081,하나은행,39
729,081,하나은행,39
730,081,하나은행,39
731,081,하나은행,39
732,081,하나은행,39
733,032,부산은행,4
734,081,하나은행,39
735,081,하나은행,39
736,011,농협은행,10
737,081,하나은행,39
738,D02,대백저축은행,18
739,032,부산은행,4
740,A05,OK저축은행,6
741,081,하나은행,39
742,081,하나은행,39
743,081,하나은행,39
744,032,부산은행,4
745,032,부산은행,4
746,032,부산은행,4
747,088,신한은행,9
748,081,하나은행,39
749,081,하나은행,39
750,081,하나은행,39
751,032,부산은행,4
752,032,부산은행,4
753,088,신한은행,9
754,081,하나은행,39
755,A05,OK저축은행,6
756,081,하나은행,39
757,032,부산은행,4
758,088,신한은행,9
759,081,하나은행,39
760,081,하나은행,39
761,032,부산은행,4
762,032,부산은행,4
763,081,하나은행,39
764,011,농협은행,10
765,003,기업은행,19
766,081,하나은행,39
767,032,부산은행,4
768,088,신한은행,9
769,081,하나은행,39
770,081,하나은행,39
771,081,하나은행,39
772,032,부산은행,4
773,007,수협은행,1
774,081,하나은행,39
775,081,하나은행,39
776,081,하나은행,39
777,081,하나은행,39
778,032,부산은행,4
779,081,하나은행,39
780,F05,오투저축은행,32
781,081,하나은행,39
782,081,하나은행,39
783,032,부산은행,4
784,088,신한은행,9
785,081,하나은행,39
786,081,하나은행,39
787,081,하나은행,39
788,032,부산은행,4
789,081,하나은행,39
790,081,하나은행,39
791,081,하나은행,39
792,D08,엠에스저축은행,20
793,081,하나은행,39
794,081,하나은행,39
795,081,하나은행,39
796,081,하나은행,39
797,081,하나은행,39
798,A14,신한저축은행,15
799,081,하나은행,39
800,081,하나은행,39
801,011,농협은행,10
802,081,하나은행,39
803,081,하나은행,39
804,D02,대백저축은행,18
805,081,하나은행,39
806,081,하나은행,39
807,004,국민은행,25
808,081,하나은행,39
809,081,하나은행,39
810,E05,센트럴저축은행,22
811,081,하나은행,39
812,081,하나은행,39
813,081,하나은행,39
814,081,하나은행,39
815,081,하나은행,39
816,E05,센트럴저축은행,22
817,081,하나은행,39
818,081,하나은행,39
819,081,하나은행,39
820,011,농협은행,10
821,081,하나은행,39
822,081,하나은행,39
823,081,하나은행,39
824,081,하나은행,39
825,081,하나은행,39
826,081,하나은행,39
827,081,하나은행,39
828,081,하나은행,39
829,081,하나은행,39
830,081,하나은행,39
831,A15,애큐온저축은행,14
832,081,하나은행,39
833,D05,드림저축은행,17
834,081,하나은행,39
835,081,하나은행,39
836,A15,애큐온저축은행,14
837,081,하나은행,39
838,A14,신한저축은행,15
839,A14,신한저축은행,15
840,A14,신한저축은행,15
841,A14,신한저축은행,15
842,D05,드림저축은행,17
843,A05,OK저축은행,6
844,A14,신한저축은행,15
845,A14,신한저축은행,15
846,A14,신한저축은행,15
847,A14,신한저축은행,15
848,A14,신한저축은행,15
849,A14,신한저축은행,15
850,A14,신한저축은행,15
851,A15,애큐온저축은행,14
852,A15,애큐온저축은행,14
853,A15,애큐온저축은행,14
854,A15,애큐온저축은행,14
855,A15,애큐온저축은행,14
856,A15,애큐온저축은행,14
857,A15,애큐온저축은행,14
858,A15,애큐온저축은행,14
859,A15,애큐온저축은행,14
860,A15,애큐온저축은행,14
861,A15,애큐온저축은행,14
862,A15,애큐온저축은행,14
863,A15,애큐온저축은행,14
864,A16,예가람저축은행,2
865,A16,예가람저축은행,2
866,088,신한은행,9
867,A15,애큐온저축은행,14
868,A15,애큐온저축은행,14
869,A15,애큐온저축은행,14
870,A15,애큐온저축은행,14
871,011,농협은행,10
872,032,부산은행,4
873,A15,애큐온저축은행,14
874,A15,애큐온저축은행,14
875,A15,애큐온저축은행,14
876,A16,예가람저축은행,2
877,A16,예가람저축은행,2
878,A16,예가람저축은행,2
879,D05,드림저축은행,17
880,A16,예가람저축은행,2
881,A16,예가람저축은행,2
882,A16,예가람저축은행,2
883,A16,예가람저축은행,2
884,A16,예가람저축은행,2
885,A16,예가람저축은행,2
886,A16,예가람저축은행,2
887,A16,예가람저축은행,2
888,A16,예가람저축은행,2
889,A16,예가람저축은행,2
890,A16,예가람저축은행,2
891,A16,예가람저축은행,2
892,A16,예가람저축은행,2
893,D08,엠에스저축은행,20
894,A16,예가람저축은행,2
895,A16,예가람저축은행,2
896,011,농협은행,10
897,A16,예가람저축은행,2
898,032,부산은행,4
899,A16,예가람저축은행,2
900,A16,예가람저축은행,2
901,A16,예가람저축은행,2
902,D08,엠에스저축은행,20
903,A16,예가람저축은행,2
904,A16,예가람저축은행,2
905,034,광주은행,3
906,A16,예가람저축은행,2
907,A16,예가람저축은행,2
908,A16,예가람저축은행,2
909,037,전북은행,27
910,004,국민은행,25
911,032,부산은행,4
912,D01,CK저축은행,40
913,D01,CK저축은행,40
914,D01,CK저축은행,40
915,D01,CK저축은행,40
916,D01,CK저축은행,40
917,D01,CK저축은행,40
918,D01,CK저축은행,40
919,D01,CK저축은행,40
920,D01,CK저축은행,40
921,D01,CK저축은행,40
922,D01,CK저축은행,40
923,D01,CK저축은행,40
924,D01,CK저축은행,40
925,D01,CK저축은행,40
926,D01,CK저축은행,40
927,D01,CK저축은행,40
928,D02,대백저축은행,18
929,D02,대백저축은행,18
930,D02,대백저축은행,18
931,D02,대백저축은행,18
932,D02,대백저축은행,18
933,D02,대백저축은행,18
934,D02,대백저축은행,18
935,D02,대백저축은행,18
936,D02,대백저축은행,18
937,E05,센트럴저축은행,22
938,D02,대백저축은행,18
939,032,부산은행,4
940,D02,대백저축은행,18
941,D02,대백저축은행,18
942,D02,대백저축은행,18
943,D02,대백저축은행,18
944,D02,대백저축은행,18
945,D08,엠에스저축은행,20
946,D02,대백저축은행,18
947,D02,대백저축은행,18
948,D02,대백저축은행,18
949,D02,대백저축은행,18
950,D02,대백저축은행,18
951,D02,대백저축은행,18
952,D02,대백저축은행,18
953,D02,대백저축은행,18
954,D02,대백저축은행,18
955,D02,대백저축은행,18
956,D02,대백저축은행,18
957,020,우리은행,16
958,D02,대백저축은행,18
959,D02,대백저축은행,18
960,D02,대백저축은행,18
961,D02,대백저축은행,18
962,032,부산은행,4
963,D02,대백저축은행,18
964,D02,대백저축은행,18
965,D07,머스트삼일저축은행,8
966,D02,대백저축은행,18
967,D02,대백저축은행,18
968,D02,대백저축은행,18
969,088,신한은행,9
970,D02,대백저축은행,18
971,D02,대백저축은행,18
972,D02,대백저축은행,18
973,D02,대백저축은행,18
974,032,부산은행,4
975,D02,대백저축은행,18
976,D02,대백저축은행,18
977,D08,엠에스저축은행,20
978,D02,대백저축은행,18
979,D02,대백저축은행,18
980,D02,대백저축은행,18
981,D02,대백저축은행,18
982,D05,드림저축은행,17
983,D05,드림저축은행,17
984,D05,드림저축은행,17
985,F05,오투저축은행,32
986,D05,드림저축은행,17
987,D05,드림저축은행,17
988,D05,드림저축은행,17
989,D05,드림저축은행,17
990,D05,드림저축은행,17
991,D05,드림저축은행,17
992,D08,엠에스저축은행,20
993,D05,드림저축은행,17
994,D05,드림저축은행,17
995,D05,드림저축은행,17
996,D05,드림저축은행,17
997,D05,드림저축은행,17
998,D05,드림저축은행,17
999,032,부산은행,4
1000,D05,드림저축은행,17
1001,D05,드림저축은행,17
1002,D05,드림저축은행,17
1003,032,부산은행,4
1004,D05,드림저축은행,17
1005,D05,드림저축은행,17
1006,D08,엠에스저축은행,20
1007,D05,드림저축은행,17
1008,D05,드림저축은행,17
1009,D05,드림저축은행,17
1010,D05,드림저축은행,17
1011,D08,엠에스저축은행,20
1012,D05,드림저축은행,17
1013,D05,드림저축은행,17
1014,D05,드림저축은행,17
1015,D05,드림저축은행,17
1016,011,농협은행,10
1017,D05,드림저축은행,17
1018,D05,드림저축은행,17
1019,D05,드림저축은행,17
1020,D05,드림저축은행,17
1021,D05,드림저축은행,17
1022,D05,드림저축은행,17
1023,032,부산은행,4
1024,D05,드림저축은행,17
1025,D05,드림저축은행,17
1026,D05,드림저축은행,17
1027,D05,드림저축은행,17
1028,D07,머스트삼일저축은행,8
1029,D05,드림저축은행,17
1030,D05,드림저축은행,17
1031,D05,드림저축은행,17
1032,032,부산은행,4
1033,D05,드림저축은행,17
1034,D05,드림저축은행,17
1035,D05,드림저축은행,17
1036,D05,드림저축은행,17
1037,D05,드림저축은행,17
1038,011,농협은행,10
1039,D05,드림저축은행,17
1040,D05,드림저축은행,17
1041,D05,드림저축은행,17
1042,D05,드림저축은행,17
1043,D05,드림저축은행,17
1044,D05,드림저축은행,17
1045,D05,드림저축은행,17
1046,D08,엠에스저축은행,20
1047,D07,머스트삼일저축은행,8
1048,D05,드림저축은행,17
1049,D05,드림저축은행,17
1050,D08,엠에스저축은행,20
1051,D05,드림저축은행,17
1052,D07,머스트삼일저축은행,8
1053,D07,머스트삼일저축은행,8
1054,D07,머스트삼일저축은행,8
1055,D07,머스트삼일저축은행,8
1056,D07,머스트삼일저축은행,8
1057,D07,머스트삼일저축은행,8
1058,D07,머스트삼일저축은행,8
1059,D07,머스트삼일저축은행,8
1060,D07,머스트삼일저축은행,8
1061,037,전북은행,27
1062,081,하나은행,39
1063,D07,머스트삼일저축은행,8
1064,D07,머스트삼일저축은행,8
1065,D07,머스트삼일저축은행,8
1066,032,부산은행,4
1067,D07,머스트삼일저축은행,8
1068,A09,The-K 저축은행,11
1069,011,농협은행,10
1070,032,부산은행,4
1071,D07,머스트삼일저축은행,8
1072,D07,머스트삼일저축은행,8
1073,D07,머스트삼일저축은행,8
1074,D07,머스트삼일저축은행,8
1075,032,부산은행,4
1076,A06,OSB저축은행,23
1077,D07,머스트삼일저축은행,8
1078,D07,머스트삼일저축은행,8
1079,D07,머스트삼일저축은행,8
1080,D07,머스트삼일저축은행,8
1081,003,기업은행,19
1082,A06,OSB저축은행,23
1083,D08,엠에스저축은행,20
1084,D08,엠에스저축은행,20
1085,D08,엠에스저축은행,20
1086,037,전북은행,27
1087,A06,OSB저축은행,23
1088,D08,엠에스저축은행,20
1089,D08,엠에스저축은행,20
1090,D08,엠에스저축은행,20
1091,D08,엠에스저축은행,20
1092,D08,엠에스저축은행,20
1093,D08,엠에스저축은행,20
1094,D08,엠에스저축은행,20
1095,D08,엠에스저축은행,20
1096,D08,엠에스저축은행,20
1097,D08,엠에스저축은행,20
1098,D08,엠에스저축은행,20
1099,D08,엠에스저축은행,20
1100,D08,엠에스저축은행,20
1101,D08,엠에스저축은행,20
1102,088,신한은행,9
1103,D08,엠에스저축은행,20
1104,D08,엠에스저축은행,20
1105,D08,엠에스저축은행,20
1106,E05,센트럴저축은행,22
1107,D08,엠에스저축은행,20
1108,D08,엠에스저축은행,20
1109,D08,엠에스저축은행,20
1110,032,부산은행,4
1111,081,하나은행,39
1112,D08,엠에스저축은행,20
1113,D08,엠에스저축은행,20
1114,A06,OSB저축은행,23
1115,A06,OSB저축은행,23
1116,D08,엠에스저축은행,20
1117,D08,엠에스저축은행,20
1118,D08,엠에스저축은행,20
1119,D08,엠에스저축은행,20
1120,D08,엠에스저축은행,20
1121,D08,엠에스저축은행,20
1122,D08,엠에스저축은행,20
1123,D08,엠에스저축은행,20
1124,D08,엠에스저축은행,20
1125,D08,엠에스저축은행,20
1126,D08,엠에스저축은행,20
1127,088,신한은행,9
1128,D08,엠에스저축은행,20
1129,D08,엠에스저축은행,20
1130,D08,엠에스저축은행,20
1131,D08,엠에스저축은행,20
1132,D08,엠에스저축은행,20
1133,D08,엠에스저축은행,20
1134,D08,엠에스저축은행,20
1135,037,전북은행,27
1136,D08,엠에스저축은행,20
1137,011,농협은행,10
1138,A06,OSB저축은행,23
1139,011,농협은행,10
1140,D08,엠에스저축은행,20
1141,D08,엠에스저축은행,20
1142,D08,엠에스저축은행,20
1143,A06,OSB저축은행,23
1144,A06,OSB저축은행,23
1145,D08,엠에스저축은행,20
1146,011,농협은행,10
1147,011,농협은행,10
1148,D08,엠에스저축은행,20
1149,D08,엠에스저축은행,20
1150,D08,엠에스저축은행,20
1151,011,농협은행,10
1152,011,농협은행,10
1153,011,농협은행,10
1154,011,농협은행,10
1155,020,우리은행,16
1156,011,농협은행,10
1157,011,농협은행,10
1158,011,농협은행,10
1159,011,농협은행,10
1160,011,농협은행,10
1161,011,농협은행,10
1162,088,신한은행,9
1163,011,농협은행,10
1164,011,농협은행,10
1165,011,농협은행,10
1166,011,농협은행,10
1167,011,농협은행,10
1168,011,농협은행,10
1169,011,농협은행,10
1170,011,농협은행,10
1171,011,농협은행,10
1172,011,농협은행,10
1173,011,농협은행,10
1174,011,농협은행,10
1175,011,농협은행,10
1176,011,농협은행,10
1177,011,농협은행,10
1178,011,농협은행,10
1179,011,농협은행,10
1180,011,농협은행,10
1181,011,농협은행,10
1182,011,농협은행,10
1183,011,농협은행,10
1184,011,농협은행,10
1185,011,농협은행,10
1186,011,농협은행,10
1187,A06,OSB저축은행,23
1188,011,농협은행,10
1189,011,농협은행,10
1190,011,농협은행,10
1191,032,부산은행,4
1192,011,농협은행,10
1193,011,농협은행,10
1194,011,농협은행,10
1195,011,농협은행,10
1196,011,농협은행,10
1197,011,농협은행,10
1198,011,농협은행,10
1199,011,농협은행,10
1200,011,농협은행,10
1201,011,농협은행,10
1202,011,농협은행,10
1203,011,농협은행,10
1204,011,농협은행,10
1205,011,농협은행,10
1206,011,농협은행,10
1207,011,농협은행,10
1208,011,농협은행,10
1209,011,농협은행,10
1210,011,농협은행,10
1211,011,농협은행,10
1212,011,농협은행,10
1213,011,농협은행,10
1214,011,농협은행,10
1215,011,농협은행,10
1216,011,농협은행,10
1217,011,농협은행,10
1218,081,하나은행,39
1219,011,농협은행,10
1220,011,농협은행,10
1221,011,농협은행,10
1222,011,농협은행,10
1223,A06,OSB저축은행,23
1224,011,농협은행,10
1225,011,농협은행,10
1226,011,농협은행,10
1227,011,농협은행,10
1228,011,농협은행,10
1229,011,농협은행,10
1230,011,농협은행,10
1231,011,농협은행,10
1232,011,농협은행,10
1233,011,농협은행,10
1234,E01,대한저축은행,41
1235,011,농협은행,10
1236,011,농협은행,10
1237,011,농협은행,10
1238,011,농협은행,10
1239,011,농협은행,10
1240,011,농협은행,10
1241,011,농협은행,10
1242,011,농협은행,10
1243,011,농협은행,10
1244,011,농협은행,10
1245,011,농협은행,10
1246,011,농협은행,10
1247,011,농협은행,10
1248,011,농협은행,10
1249,011,농협은행,10
1250,011,농협은행,10
1251,011,농협은행,10
1252,011,농협은행,10
1253,011,농협은행,10
1254,011,농협은행,10
1255,011,농협은행,10
1256,020,우리은행,16
1257,011,농협은행,10
1258,011,농협은행,10
1259,011,농협은행,10
1260,011,농협은행,10
1261,011,농협은행,10
1262,011,농협은행,10
1263,011,농협은행,10
1264,011,농협은행,10
1265,011,농협은행,10
1266,011,농협은행,10
1267,011,농협은행,10
1268,011,농협은행,10
1269,011,농협은행,10
1270,E05,센트럴저축은행,22
1271,011,농협은행,10
1272,011,농협은행,10
1273,011,농협은행,10
1274,011,농협은행,10
1275,037,전북은행,27
1276,037,전북은행,27
1277,037,전북은행,27
1278,037,전북은행,27
1279,A15,애큐온저축은행,14
1280,037,전북은행,27
1281,037,전북은행,27
1282,037,전북은행,27
1283,D02,대백저축은행,18
1284,037,전북은행,27
1285,E05,센트럴저축은행,22
1286,037,전북은행,27
1287,A06,OSB저축은행,23
1288,A06,OSB저축은행,23
1289,037,전북은행,27
1290,037,전북은행,27
1291,037,전북은행,27
1292,A05,OK저축은행,6
1293,088,신한은행,9
1294,F02,상상인플러스저축은행,33
1295,037,전북은행,27
1296,037,전북은행,27
1297,E04,삼호저축은행,26
1298,037,전북은행,27
1299,037,전북은행,27
1300,037,전북은행,27
1301,037,전북은행,27
1302,037,전북은행,27
1303,037,전북은행,27
1304,D08,엠에스저축은행,20
1305,037,전북은행,27
1306,037,전북은행,27
1307,037,전북은행,27
1308,A06,OSB저축은행,23
1309,A09,The-K 저축은행,11
1310,E05,센트럴저축은행,22
1311,037,전북은행,27
1312,037,전북은행,27
1313,037,전북은행,27
1314,A06,OSB저축은행,23
1315,E01,대한저축은행,41
1316,037,전북은행,27
1317,037,전북은행,27
1318,A05,OK저축은행,6
1319,037,전북은행,27
1320,037,전북은행,27
1321,037,전북은행,27
1322,037,전북은행,27
1323,037,전북은행,27
1324,037,전북은행,27
1325,037,전북은행,27
1326,037,전북은행,27
1327,037,전북은행,27
1328,037,전북은행,27
1329,037,전북은행,27
1330,037,전북은행,27
1331,037,전북은행,27
1332,037,전북은행,27
1333,037,전북은행,27
1334,037,전북은행,27
1335,037,전북은행,27
1336,037,전북은행,27
1337,037,전북은행,27
1338,037,전북은행,27
1339,037,전북은행,27
1340,088,신한은행,9
1341,037,전북은행,27
1342,037,전북은행,27
1343,037,전북은행,27
1344,A06,OSB저축은행,23
1345,037,전북은행,27
1346,A03,KB저축은행,24
1347,A05,OK저축은행,6
1348,037,전북은행,27
1349,037,전북은행,27
1350,A03,KB저축은행,24
1351,032,부산은행,4
1352,A06,OSB저축은행,23
1353,037,전북은행,27
1354,037,전북은행,27
1355,037,전북은행,27
1356,032,부산은행,4
1357,037,전북은행,27
1358,037,전북은행,27
1359,A05,OK저축은행,6
1360,037,전북은행,27
1361,037,전북은행,27
1362,037,전북은행,27
1363,037,전북은행,27
1364,037,전북은행,27
1365,A06,OSB저축은행,23
1366,037,전북은행,27
1367,A05,OK저축은행,6
1368,037,전북은행,27
1369,037,전북은행,27
1370,020,우리은행,16
1371,037,전북은행,27
1372,A18,유안타저축은행,42
1373,037,전북은행,27
1374,032,부산은행,4
1375,037,전북은행,27
1376,037,전북은행,27
1377,037,전북은행,27
1378,037,전북은행,27
1379,088,신한은행,9
1380,037,전북은행,27
1381,037,전북은행,27
1382,037,전북은행,27
1383,A06,OSB저축은행,23
1384,A06,OSB저축은행,23
1385,037,전북은행,27
1386,037,전북은행,27
1387,A03,KB저축은행,24
1388,037,전북은행,27
1389,037,전북은행,27
1390,A03,KB저축은행,24
1391,E04,삼호저축은행,26
1392,A03,KB저축은행,24
1393,A03,KB저축은행,24
1394,A03,KB저축은행,24
1395,A03,KB저축은행,24
1396,007,수협은행,1
1397,A03,KB저축은행,24
1398,A03,KB저축은행,24
1399,A03,KB저축은행,24
1400,A03,KB저축은행,24
1401,A03,KB저축은행,24
1402,A03,KB저축은행,24
1403,A03,KB저축은행,24
1404,A03,KB저축은행,24
1405,A03,KB저축은행,24
1406,A03,KB저축은행,24
1407,E04,삼호저축은행,26
1408,A03,KB저축은행,24
1409,A03,KB저축은행,24
1410,A05,OK저축은행,6
1411,A18,유안타저축은행,42
1412,A03,KB저축은행,24
1413,A03,KB저축은행,24
1414,A03,KB저축은행,24
1415,A03,KB저축은행,24
1416,A03,KB저축은행,24
1417,A03,KB저축은행,24
1418,A03,KB저축은행,24
1419,A03,KB저축은행,24
1420,A05,OK저축은행,6
1421,A05,OK저축은행,6
1422,A05,OK저축은행,6
1423,A05,OK저축은행,6
1424,A05,OK저축은행,6
1425,A18,유안타저축은행,42
1426,A05,OK저축은행,6
1427,A05,OK저축은행,6
1428,A18,유안타저축은행,42
1429,A18,유안타저축은행,42
1430,A18,유안타저축은행,42
1431,A18,유안타저축은행,42
1432,A18,유안타저축은행,42
1433,A18,유안타저축은행,42
1434,A18,유안타저축은행,42
1435,A18,유안타저축은행,42
1436,004,국민은행,25
1437,A18,유안타저축은행,42
1438,A18,유안타저축은행,42
1439,A18,유안타저축은행,42
1440,A18,유안타저축은행,42
1441,A18,유안타저축은행,42
1442,A18,유안타저축은행,42
1443,A18,유안타저축은행,42
1444,A18,유안타저축은행,42
1445,A18,유안타저축은행,42
1446,A18,유안타저축은행,42
1447,A18,유안타저축은행,42
1448,A18,유안타저축은행,42
1449,A18,유안타저축은행,42
1450,A18,유안타저축은행,42
1451,A18,유안타저축은행,42
1452,A18,유안타저축은행,42
1453,A18,유안타저축은행,42
1454,A18,유안타저축은행,42
1455,A18,유안타저축은행,42
1456,A18,유안타저축은행,42
1457,A18,유안타저축은행,42
1458,A18,유안타저축은행,42
1459,A18,유안타저축은행,42
1460,A18,유안타저축은행,42
1461,A18,유안타저축은행,42
1462,A18,유안타저축은행,42
1463,A18,유안타저축은행,42
1464,A18,유안타저축은행,42
1465,A18,유안타저축은행,42
1466,A18,유안타저축은행,42
1467,A18,유안타저축은행,42
1468,A18,유안타저축은행,42
1469,A18,유안타저축은행,42
1470,A18,유안타저축은행,42
1471,A18,유안타저축은행,42
1472,E01,대한저축은행,41
1473,A18,유안타저축은행,42
1474,A18,유안타저축은행,42
1475,A18,유안타저축은행,42
1476,A18,유안타저축은행,42
1477,A18,유안타저축은행,42
1478,A18,유안타저축은행,42
1479,A18,유안타저축은행,42
1480,E01,대한저축은행,41
1481,E01,대한저축은행,41
1482,E01,대한저축은행,41
1483,E01,대한저축은행,41
1484,E01,대한저축은행,41
1485,E01,대한저축은행,41
1486,E01,대한저축은행,41
1487,E01,대한저축은행,41
1488,E01,대한저축은행,41
1489,E01,대한저축은행,41
1490,E01,대한저축은행,41
1491,E05,동양저축은행,22
1492,E03,동양저축은행,43
1493,E03,동양저축은행,43
1494,E03,동양저축은행,43
1495,E03,동양저축은행,43
1496,E03,동양저축은행,43
1497,E03,동양저축은행,43
1498,E03,동양저축은행,43
1499,E05,센트럴저축은행,22
1500,E03,동양저축은행,43
1501,E03,동양저축은행,43
1502,E03,동양저축은행,43
1503,E03,동양저축은행,43
1504,E03,동양저축은행,43
1505,E05,센트럴저축은행,22
1506,E04,삼호저축은행,26
1507,E03,동양저축은행,43
1508,E03,동양저축은행,43
1509,E03,동양저축은행,43
1510,E03,동양저축은행,43
1511,034,광주은행,3
1512,034,광주은행,3
1513,081,하나은행,39
1514,081,하나은행,39
1515,D02,대백저축은행,18
1516,D02,대백저축은행,18
1517,020,우리은행,16
1518,D05,드림저축은행,17
1519,011,농협은행,10
1520,E03,동양저축은행,43
1521,E03,동양저축은행,43
1522,E04,삼호저축은행,26
1523,E04,삼호저축은행,26
1524,E04,삼호저축은행,26
1525,E05,센트럴저축은행,22
1526,E04,삼호저축은행,26
1527,E04,삼호저축은행,26
1528,E04,삼호저축은행,26
1529,E04,삼호저축은행,26
1530,E04,삼호저축은행,26
1531,E04,삼호저축은행,26
1532,E05,센트럴저축은행,22
1533,E04,삼호저축은행,26
1534,E04,삼호저축은행,26
1535,E04,삼호저축은행,26
1536,E04,삼호저축은행,26
1537,E05,센트럴저축은행,22
1538,E04,삼호저축은행,26
1539,E04,삼호저축은행,26
1540,E04,삼호저축은행,26
1541,E05,센트럴저축은행,22
1542,E04,삼호저축은행,26
1543,E04,삼호저축은행,26
1544,E04,삼호저축은행,26
1545,E04,삼호저축은행,26
1546,E04,삼호저축은행,26
1547,E04,삼호저축은행,26
1548,E04,삼호저축은행,26
1549,E04,삼호저축은행,26
1550,E04,삼호저축은행,26
1551,E04,삼호저축은행,26
1552,E04,삼호저축은행,26
1553,E04,삼호저축은행,26
1554,E05,센트럴저축은행,22
1555,E05,센트럴저축은행,22
1556,E05,센트럴저축은행,22
1557,020,우리은행,16
1558,020,우리은행,16
1559,F02,상상인플러스저축은행,33
1560,020,우리은행,16
1561,020,우리은행,16
1562,020,우리은행,16
1563,020,우리은행,16
1564,020,우리은행,16
1565,020,우리은행,16
1566,020,우리은행,16
1567,020,우리은행,16
1568,020,우리은행,16
1569,020,우리은행,16
1570,020,우리은행,16
1571,020,우리은행,16
1572,020,우리은행,16
1573,020,우리은행,16
1574,020,우리은행,16
1575,020,우리은행,16
1576,020,우리은행,16
1577,020,우리은행,16
1578,011,농협은행,10
1579,020,우리은행,16
1580,020,우리은행,16
1581,020,우리은행,16
1582,A07,SBI저축은행,44
1583,020,우리은행,16
1584,020,우리은행,16
1585,004,국민은행,25
1586,020,우리은행,16
1587,020,우리은행,16
1588,020,우리은행,16
1589,020,우리은행,16
1590,020,우리은행,16
1591,020,우리은행,16
1592,020,우리은행,16
1593,020,우리은행,16
1594,020,우리은행,16
1595,A07,SBI저축은행,44
1596,020,우리은행,16
1597,020,우리은행,16
1598,020,우리은행,16
1599,020,우리은행,16
1600,020,우리은행,16
1601,020,우리은행,16
1602,020,우리은행,16
1603,020,우리은행,16
1604,020,우리은행,16
1605,020,우리은행,16
1606,020,우리은행,16
1607,020,우리은행,16
1608,020,우리은행,16
1609,020,우리은행,16
1610,020,우리은행,16
1611,020,우리은행,16
1612,020,우리은행,16
1613,020,우리은행,16
1614,020,우리은행,16
1615,020,우리은행,16
1616,039,경남은행,5
1617,020,우리은행,16
1618,020,우리은행,16
1619,A07,SBI저축은행,44
1620,020,우리은행,16
1621,020,우리은행,16
1622,020,우리은행,16
1623,020,우리은행,16
1624,020,우리은행,16
1625,032,부산은행,4
1626,020,우리은행,16
1627,020,우리은행,16
1628,020,우리은행,16
1629,020,우리은행,16
1630,020,우리은행,16
1631,020,우리은행,16
1632,F05,오투저축은행,32
1633,020,우리은행,16
1634,020,우리은행,16
1635,020,우리은행,16
1636,020,우리은행,16
1637,020,우리은행,16
1638,020,우리은행,16
1639,020,우리은행,16
1640,020,우리은행,16
1641,020,우리은행,16
1642,020,우리은행,16
1643,020,우리은행,16
1644,020,우리은행,16
1645,020,우리은행,16
1646,020,우리은행,16
1647,020,우리은행,16
1648,020,우리은행,16
1649,020,우리은행,16
1650,020,우리은행,16
1651,020,우리은행,16
1652,020,우리은행,16
1653,A07,SBI저축은행,44
1654,020,우리은행,16
1655,020,우리은행,16
1656,020,우리은행,16
1657,020,우리은행,16
1658,020,우리은행,16
1659,031,대구은행,28
1660,020,우리은행,16
1661,020,우리은행,16
1662,020,우리은행,16
1663,020,우리은행,16
1664,020,우리은행,16
1665,020,우리은행,16
1666,020,우리은행,16
1667,020,우리은행,16
1668,020,우리은행,16
1669,020,우리은행,16
1670,020,우리은행,16
1671,039,경남은행,5
1672,020,우리은행,16
1673,020,우리은행,16
1674,020,우리은행,16
1675,020,우리은행,16
1676,A07,SBI저축은행,44
1677,020,우리은행,16
1678,020,우리은행,16
1679,020,우리은행,16
1680,020,우리은행,16
1681,020,우리은행,16
1682,020,우리은행,16
1683,020,우리은행,16
1684,020,우리은행,16
1685,020,우리은행,16
1686,032,부산은행,4
1687,A07,SBI저축은행,44
1688,020,우리은행,16
1689,020,우리은행,16
1690,020,우리은행,16
1691,020,우리은행,16
1692,020,우리은행,16
1693,039,경남은행,5
1694,020,우리은행,16
1695,020,우리은행,16
1696,020,우리은행,16
1697,020,우리은행,16
1698,020,우리은행,16
1699,A07,SBI저축은행,44
1700,020,우리은행,16
1701,020,우리은행,16
1702,020,우리은행,16
1703,020,우리은행,16
1704,020,우리은행,16
1705,020,우리은행,16
1706,020,우리은행,16
1707,020,우리은행,16
1708,020,우리은행,16
1709,020,우리은행,16
1710,004,국민은행,25
1711,020,우리은행,16
1712,020,우리은행,16
1713,020,우리은행,16
1714,020,우리은행,16
1715,039,경남은행,5
1716,020,우리은행,16
1717,020,우리은행,16
1718,020,우리은행,16
1719,020,우리은행,16
1720,020,우리은행,16
1721,A07,SBI저축은행,44
1722,039,경남은행,5
1723,020,우리은행,16
1724,020,우리은행,16
1725,020,우리은행,16
1726,020,우리은행,16
1727,020,우리은행,16
1728,A07,SBI저축은행,44
1729,039,경남은행,5
1730,020,우리은행,16
1731,031,대구은행,28
1732,020,우리은행,16
1733,A07,SBI저축은행,44
1734,020,우리은행,16
1735,020,우리은행,16
1736,020,우리은행,16
1737,032,부산은행,4
1738,A07,SBI저축은행,44
1739,031,대구은행,28
1740,020,우리은행,16
1741,031,대구은행,28
1742,020,대구은행,16
1743,031,대구은행,28
1744,031,대구은행,28
1745,031,대구은행,28
1746,031,대구은행,28
1747,031,대구은행,28
1748,A05,OK저축은행,6
1749,031,대구은행,28
1750,031,대구은행,28
1751,031,대구은행,28
1752,031,대구은행,28
1753,A07,SBI저축은행,44
1754,031,대구은행,28
1755,031,대구은행,28
1756,031,대구은행,28
1757,031,대구은행,28
1758,039,경남은행,5
1759,031,대구은행,28
1760,004,국민은행,25
1761,031,대구은행,28
1762,031,대구은행,28
1763,031,대구은행,28
1764,A07,SBI저축은행,44
1765,031,대구은행,28
1766,031,대구은행,28
1767,031,대구은행,28
1768,A07,SBI저축은행,44
1769,A05,OK저축은행,6
1770,039,경남은행,5
1771,031,대구은행,28
1772,031,대구은행,28
1773,031,대구은행,28
1774,A07,SBI저축은행,44
1775,A07,SBI저축은행,44
1776,039,경남은행,5
1777,031,대구은행,28
1778,031,대구은행,28
1779,031,대구은행,28
1780,031,대구은행,28
1781,A07,SBI저축은행,44
1782,031,대구은행,28
1783,031,대구은행,28
1784,031,대구은행,28
1785,031,대구은행,28
1786,031,대구은행,28
1787,031,대구은행,28
1788,031,대구은행,28
1789,031,대구은행,28
1790,031,대구은행,28
1791,031,대구은행,28
1792,031,대구은행,28
1793,031,대구은행,28
1794,031,대구은행,28
1795,031,대구은행,28
1796,031,대구은행,28
1797,031,대구은행,28
1798,031,대구은행,28
1799,039,경남은행,5
1800,031,대구은행,28
1801,031,대구은행,28
1802,031,대구은행,28
1803,031,대구은행,28
1804,A07,SBI저축은행,44
1805,031,대구은행,28
1806,031,대구은행,28
1807,031,대구은행,28
1808,031,대구은행,28
1809,031,대구은행,28
1810,031,대구은행,28
1811,031,대구은행,28
1812,031,대구은행,28
1813,031,대구은행,28
1814,031,대구은행,28
1815,039,경남은행,5
1816,031,대구은행,28
1817,031,대구은행,28
1818,A07,SBI저축은행,44
1819,A07,SBI저축은행,44
1820,031,대구은행,28
1821,020,대구은행,16
1822,020,대구은행,16
1823,031,대구은행,28
1824,A07,SBI저축은행,44
1825,031,대구은행,28
1826,031,대구은행,28
1827,031,대구은행,28
1828,031,대구은행,28
1829,031,대구은행,28
1830,031,대구은행,28
1831,031,대구은행,28
1832,031,대구은행,28
1833,031,대구은행,28
1834,031,대구은행,28
1835,031,대구은행,28
1836,031,대구은행,28
1837,031,대구은행,28
1838,031,대구은행,28
1839,031,대구은행,28
1840,031,대구은행,28
1841,088,신한은행,9
1842,031,대구은행,28
1843,031,대구은행,28
1844,031,대구은행,28
1845,031,대구은행,28
1846,A07,SBI저축은행,44
1847,031,대구은행,28
1848,031,대구은행,28
1849,031,대구은행,28
1850,031,대구은행,28
1851,031,대구은행,28
1852,004,국민은행,25
1853,D07,머스트삼일저축은행,8
1854,007,수협은행,1
1855,A07,SBI저축은행,44
1856,A07,SBI저축은행,44
1857,031,대구은행,28
1858,A07,SBI저축은행,44
1859,034,광주은행,3
1860,007,수협은행,1
1861,031,대구은행,28
1862,031,대구은행,28
1863,A07,SBI저축은행,44
1864,A07,SBI저축은행,44
1865,031,대구은행,28
1866,031,대구은행,28
1867,031,대구은행,28
1868,031,대구은행,28
1869,031,대구은행,28
1870,039,경남은행,5
1871,031,대구은행,28
1872,031,대구은행,28
1873,031,대구은행,28
1874,031,대구은행,28
1875,004,국민은행,25
1876,A07,SBI저축은행,44
1877,031,대구은행,28
1878,031,대구은행,28
1879,031,대구은행,28
1880,031,대구은행,28
1881,031,대구은행,28
1882,031,대구은행,28
1883,031,대구은행,28
1884,031,대구은행,28
1885,031,대구은행,28
1886,031,대구은행,28
1887,032,부산은행,4
1888,A07,SBI저축은행,44
1889,032,부산은행,4
1890,031,대구은행,28
1891,031,대구은행,28
1892,031,대구은행,28
1893,031,대구은행,28
1894,031,대구은행,28
1895,031,대구은행,28
1896,031,대구은행,28
1897,031,대구은행,28
1898,031,대구은행,28
1899,031,대구은행,28
1900,031,대구은행,28
1901,031,대구은행,28
1902,031,대구은행,28
1903,031,대구은행,28
1904,031,대구은행,28
1905,031,대구은행,28
1906,031,대구은행,28
1907,031,대구은행,28
1908,031,대구은행,28
1909,031,대구은행,28
1910,031,대구은행,28
1911,031,대구은행,28
1912,031,대구은행,28
1913,031,대구은행,28
1914,031,대구은행,28
1915,031,대구은행,28
1916,031,대구은행,28
1917,031,대구은행,28
1918,032,부산은행,4
1919,031,대구은행,28
1920,031,대구은행,28
1921,031,대구은행,28
1922,031,대구은행,28
1923,031,대구은행,28
1924,031,대구은행,28
1925,031,대구은행,28
1926,031,대구은행,28
1927,031,대구은행,28
1928,032,부산은행,4
1929,031,대구은행,28
1930,031,대구은행,28
1931,031,대구은행,28
1932,031,대구은행,28
1933,032,부산은행,4
1934,031,대구은행,28
1935,031,대구은행,28
1936,031,대구은행,28
1937,031,대구은행,28
1938,031,대구은행,28
1939,031,대구은행,28
1940,031,대구은행,28
1941,031,대구은행,28
1942,031,대구은행,28
1943,031,대구은행,28
1944,031,대구은행,28
1945,031,대구은행,28
1946,031,대구은행,28
1947,031,대구은행,28
1948,031,대구은행,28
1949,031,대구은행,28
1950,A07,SBI저축은행,44
1951,031,대구은행,28
1952,031,대구은행,28
1953,031,대구은행,28
1954,031,대구은행,28
1955,031,대구은행,28
1956,031,대구은행,28
1957,004,국민은행,25
1958,031,대구은행,28
1959,031,대구은행,28
1960,031,대구은행,28
1961,A08,대신저축은행,45
1962,A08,대신저축은행,45
1963,A08,대신저축은행,45
1964,A08,대신저축은행,45
1965,C10,조흥저축은행,29
1966,A08,대신저축은행,45
1967,A08,대신저축은행,45
1968,A08,대신저축은행,45
1969,A08,대신저축은행,45
1970,A08,대신저축은행,45
1971,C01,BNK저축은행,46
1972,D05,드림저축은행,17
1973,081,하나은행,39
1974,A07,SBI저축은행,44
1975,B03,남양저축은행,35
1976,A08,대신저축은행,45
1977,B03,남양저축은행,35
1978,A08,대신저축은행,45
1979,A08,대신저축은행,45
1980,A08,대신저축은행,45
1981,A08,대신저축은행,45
1982,A08,대신저축은행,45
1983,A08,대신저축은행,45
1984,A08,대신저축은행,45
1985,A08,대신저축은행,45
1986,A08,대신저축은행,45
1987,A08,대신저축은행,45
1988,A08,대신저축은행,45
1989,A08,대신저축은행,45
1990,A08,대신저축은행,45
1991,A08,대신저축은행,45
1992,A08,대신저축은행,45
1993,A08,대신저축은행,45
1994,A08,대신저축은행,45
1995,A08,대신저축은행,45
1996,A08,대신저축은행,45
1997,D07,머스트삼일저축은행,8
1998,A08,대신저축은행,45
1999,A08,대신저축은행,45
2000,A08,대신저축은행,45
2001,D05,드림저축은행,17
2002,D07,머스트삼일저축은행,8
2003,004,국민은행,25
2004,A08,대신저축은행,45
2005,A08,대신저축은행,45
2006,A08,대신저축은행,45
2007,A08,대신저축은행,45
2008,B03,남양저축은행,35
2009,081,하나은행,39
2010,004,국민은행,25
2011,A08,대신저축은행,45
2012,A08,대신저축은행,45
2013,B03,남양저축은행,35
2014,A08,대신저축은행,45
2015,A08,대신저축은행,45
2016,A08,대신저축은행,45
2017,088,신한은행,9
2018,C01,BNK저축은행,46
2019,C01,BNK저축은행,46
2020,C01,BNK저축은행,46
2021,C01,BNK저축은행,46
2022,D05,드림저축은행,17
2023,B03,남양저축은행,35
2024,C01,BNK저축은행,46
2025,C01,BNK저축은행,46
2026,C01,BNK저축은행,46
2027,C01,BNK저축은행,46
2028,C01,BNK저축은행,46
2029,C01,BNK저축은행,46
2030,C01,BNK저축은행,46
2031,C01,BNK저축은행,46
2032,C01,BNK저축은행,46
2033,C01,BNK저축은행,46
2034,C01,BNK저축은행,46
2035,C01,BNK저축은행,46
2036,C01,BNK저축은행,46
2037,C01,BNK저축은행,46
2038,C01,BNK저축은행,46
2039,C01,BNK저축은행,46
2040,C01,BNK저축은행,46
2041,C09,우리저축은행,47
2042,C10,조흥저축은행,29
2043,C09,우리저축은행,47
2044,C09,우리저축은행,47
2045,C09,우리저축은행,47
2046,C09,우리저축은행,47
2047,004,국민은행,25
2048,C09,우리저축은행,47
2049,C09,우리저축은행,47
2050,C09,우리저축은행,47
2051,C09,우리저축은행,47
2052,C09,우리저축은행,47
2053,C09,우리저축은행,47
2054,C09,우리저축은행,47
2055,C09,우리저축은행,47
2056,C09,우리저축은행,47
2057,C09,우리저축은행,47
2058,C09,우리저축은행,47
2059,C09,우리저축은행,47
2060,C10,조흥저축은행,29
2061,C10,조흥저축은행,29
2062,C10,조흥저축은행,29
2063,C10,조흥저축은행,29
2064,004,국민은행,25
2065,037,전북은행,27
2066,004,국민은행,25
2067,007,수협은행,1
2068,004,국민은행,25
2069,004,국민은행,25
2070,004,국민은행,25
2071,007,수협은행,1
2072,007,수협은행,1
2073,037,전북은행,27
2074,037,전북은행,27
2075,B03,남양저축은행,35
2076,037,전북은행,27
2077,004,국민은행,25
2078,004,국민은행,25
2079,004,국민은행,25
2080,004,국민은행,25
2081,004,국민은행,25
2082,B03,남양저축은행,35
2083,004,국민은행,25
2084,004,국민은행,25
2085,004,국민은행,25
2086,004,국민은행,25
2087,004,국민은행,25
2088,004,국민은행,25
2089,004,국민은행,25
2090,004,국민은행,25
2091,088,신한은행,9
2092,004,국민은행,25
2093,004,국민은행,25
2094,004,국민은행,25
2095,B03,남양저축은행,35
2096,004,국민은행,25
2097,004,국민은행,25
2098,004,국민은행,25
2099,004,국민은행,25
2100,004,국민은행,25
2101,E04,삼호저축은행,26
2102,004,국민은행,25
2103,F05,오투저축은행,32
2104,004,국민은행,25
2105,004,국민은행,25
2106,004,국민은행,25
2107,004,국민은행,25
2108,004,국민은행,25
2109,004,국민은행,25
2110,004,국민은행,25
2111,004,국민은행,25
2112,004,국민은행,25
2113,004,국민은행,25
2114,004,국민은행,25
2115,004,국민은행,25
2116,004,국민은행,25
2117,004,국민은행,25
2118,004,국민은행,25
2119,004,국민은행,25
2120,004,국민은행,25
2121,004,국민은행,25
2122,004,국민은행,25
2123,004,국민은행,25
2124,004,국민은행,25
2125,004,국민은행,25
2126,004,국민은행,25
2127,004,국민은행,25
2128,004,국민은행,25
2129,004,국민은행,25
2130,004,국민은행,25
2131,004,국민은행,25
2132,004,국민은행,25
2133,004,국민은행,25
2134,004,국민은행,25
2135,004,국민은행,25
2136,004,국민은행,25
2137,004,국민은행,25
2138,004,국민은행,25
2139,004,국민은행,25
2140,004,국민은행,25
2141,004,국민은행,25
2142,004,국민은행,25
2143,004,국민은행,25
2144,032,부산은행,4
2145,B03,남양저축은행,35
2146,004,국민은행,25
2147,004,국민은행,25
2148,004,국민은행,25
2149,004,국민은행,25
2150,004,국민은행,25
2151,004,국민은행,25
2152,004,국민은행,25
2153,004,국민은행,25
2154,004,국민은행,25
2155,004,국민은행,25
2156,004,국민은행,25
2157,004,국민은행,25
2158,004,국민은행,25
2159,004,국민은행,25
2160,004,국민은행,25
2161,004,국민은행,25
2162,004,국민은행,25
2163,004,국민은행,25
2164,004,국민은행,25
2165,004,국민은행,25
2166,004,국민은행,25
2167,004,국민은행,25
2168,004,국민은행,25
2169,004,국민은행,25
2170,004,국민은행,25
2171,032,부산은행,4
2172,B03,남양저축은행,35
2173,B03,남양저축은행,35
2174,B03,남양저축은행,35
2175,B03,남양저축은행,35
2176,D02,대백저축은행,18
2177,032,부산은행,4
2178,032,부산은행,4
2179,B03,남양저축은행,35
2180,B03,남양저축은행,35
2181,B03,남양저축은행,35
2182,B03,남양저축은행,35
2183,032,부산은행,4
2184,B03,남양저축은행,35
2185,B03,남양저축은행,35
2186,B03,남양저축은행,35
2187,B03,남양저축은행,35
2188,B03,남양저축은행,35
2189,B03,남양저축은행,35
2190,032,부산은행,4
2191,B03,남양저축은행,35
2192,B03,남양저축은행,35
2193,B03,남양저축은행,35
2194,B03,남양저축은행,35
2195,B03,남양저축은행,35
2196,B03,남양저축은행,35
2197,D02,대백저축은행,18
2198,032,부산은행,4
2199,B03,남양저축은행,35
2200,B03,남양저축은행,35
2201,B03,남양저축은행,35
2202,B03,남양저축은행,35
2203,032,부산은행,4
2204,B03,남양저축은행,35
2205,B03,남양저축은행,35
2206,B03,남양저축은행,35
2207,B03,남양저축은행,35
2208,B03,남양저축은행,35
2209,B03,남양저축은행,35
2210,B03,남양저축은행,35
2211,B03,남양저축은행,35
2212,B03,남양저축은행,35
2213,B03,남양저축은행,35
2214,B03,남양저축은행,35
2215,B03,남양저축은행,35
2216,B03,남양저축은행,35
2217,B04,모아저축은행,48
2218,B04,모아저축은행,48
2219,B04,모아저축은행,48
2220,B04,모아저축은행,48
2221,B04,모아저축은행,48
2222,B04,모아저축은행,48
2223,B04,모아저축은행,48
2224,B04,모아저축은행,48
2225,B04,모아저축은행,48
2226,B04,모아저축은행,48
2227,B04,모아저축은행,48
2228,B04,모아저축은행,48
2229,B04,모아저축은행,48
2230,B04,모아저축은행,48
2231,B04,모아저축은행,48
2232,D05,드림저축은행,17
2233,032,부산은행,4
2234,B04,모아저축은행,48
2235,B04,모아저축은행,48
2236,B04,모아저축은행,48
2237,B04,모아저축은행,48
2238,088,신한은행,9
2239,003,기업은행,19
2240,032,부산은행,4
2241,B04,모아저축은행,48
2242,B04,모아저축은행,48
2243,B04,모아저축은행,48
2244,Z03,카카오뱅크,21
2245,A06,OSB저축은행,23
2246,A07,SBI저축은행,44
2247,Z03,카카오뱅크,21
2248,Z03,카카오뱅크,21
2249,Z03,카카오뱅크,21
2250,Z03,카카오뱅크,21
2251,088,신한은행,9
2252,020,우리은행,16
2253,A10,민국저축은행,30
2254,A10,민국저축은행,30
2255,A17,웰컴저축은행,0
2256,A10,민국저축은행,30
2257,A10,민국저축은행,30
2258,A10,민국저축은행,30
2259,A10,민국저축은행,30
2260,A10,민국저축은행,30
2261,A10,민국저축은행,30
2262,A10,민국저축은행,30
2263,A10,민국저축은행,30
2264,B01,JT저축은행,31
2265,B01,JT저축은행,31
2266,B01,JT저축은행,31
2267,B01,JT저축은행,31
2268,B01,JT저축은행,31
2269,B02,금화저축은행,34
2270,B01,JT저축은행,31
2271,B01,JT저축은행,31
2272,B01,JT저축은행,31
2273,B01,JT저축은행,31
2274,B01,JT저축은행,31
2275,B02,금화저축은행,34
2276,B02,금화저축은행,34
2277,B02,금화저축은행,34
2278,B02,금화저축은행,34
2279,B02,금화저축은행,34
2280,B02,금화저축은행,34
2281,B02,금화저축은행,34
2282,B02,금화저축은행,34
2283,B02,금화저축은행,34
2284,B02,금화저축은행,34
2285,B02,금화저축은행,34
2286,B02,금화저축은행,34
2287,B02,금화저축은행,34
2288,B02,금화저축은행,34
2289,B02,금화저축은행,34
2290,B02,금화저축은행,34
2291,007,수협은행,1
2292,B02,금화저축은행,34
2293,B02,금화저축은행,34
2294,B03,남양저축은행,35
2295,007,수협은행,1
2296,B04,모아저축은행,48
2297,B04,모아저축은행,48
2298,A17,웰컴저축은행,0
2299,A17,웰컴저축은행,0
2300,B05,부림저축은행,36
2301,B04,모아저축은행,48
2302,B05,부림저축은행,36
2303,B05,부림저축은행,36
2304,B05,부림저축은행,36
2305,B05,부림저축은행,36
2306,B05,부림저축은행,36
2307,B05,부림저축은행,36
2308,B05,부림저축은행,36
2309,B05,부림저축은행,36
2310,B05,부림저축은행,36
2311,B05,부림저축은행,36
2312,B05,부림저축은행,36
2313,B05,부림저축은행,36
2314,B05,부림저축은행,36
2315,B05,부림저축은행,36
2316,B05,부림저축은행,36
2317,B05,부림저축은행,36
2318,B05,부림저축은행,36
2319,B05,부림저축은행,36
2320,B05,부림저축은행,36
2321,B05,부림저축은행,36
2322,B05,부림저축은행,36
2323,B05,부림저축은행,36
2324,B05,부림저축은행,36
2325,B05,부림저축은행,36
2326,B05,부림저축은행,36
2327,B05,부림저축은행,36
2328,B05,부림저축은행,36
2329,B05,부림저축은행,36
2330,B05,부림저축은행,36
2331,B05,부림저축은행,36
2332,B05,부림저축은행,36
2333,B05,부림저축은행,36
2334,B05,부림저축은행,36
2335,071,우체국,37
2336,003,기업은행,19
2337,B05,부림저축은행,36
2338,B05,부림저축은행,36
2339,003,기업은행,19
2340,003,기업은행,19
2341,003,기업은행,19
2342,003,기업은행,19
2343,003,기업은행,19
2344,003,기업은행,19
2345,003,기업은행,19
2346,003,기업은행,19
2347,003,기업은행,19
2348,003,기업은행,19
2349,003,기업은행,19
2350,003,기업은행,19
2351,003,기업은행,19
2352,003,기업은행,19
2353,003,기업은행,19
2354,003,기업은행,19
2355,003,기업은행,19
2356,003,기업은행,19
2357,003,기업은행,19
2358,003,기업은행,19
2359,003,기업은행,19
2360,003,기업은행,19
2361,003,기업은행,19
2362,003,기업은행,19
2363,003,기업은행,19
2364,003,기업은행,19
2365,003,기업은행,19
2366,003,기업은행,19
2367,003,기업은행,19
2368,003,기업은행,19
2369,003,기업은행,19
2370,003,기업은행,19
2371,003,기업은행,19
2372,003,기업은행,19
2373,003,기업은행,19
2374,003,기업은행,19
2375,003,기업은행,19
2376,003,기업은행,19
2377,003,기업은행,19
2378,003,기업은행,19
2379,003,기업은행,19
2380,003,기업은행,19
2381,003,기업은행,19
2382,003,기업은행,19
2383,003,기업은행,19
2384,003,기업은행,19
2385,003,기업은행,19
2386,003,기업은행,19
2387,003,기업은행,19
2388,003,기업은행,19
2389,003,기업은행,19
2390,003,기업은행,19
2391,003,기업은행,19
2392,003,기업은행,19
2393,003,기업은행,19
2394,003,기업은행,19
2395,003,기업은행,19
2396,003,기업은행,19
2397,003,기업은행,19
2398,003,기업은행,19
2399,003,기업은행,19
2400,003,기업은행,19
2401,003,기업은행,19
2402,003,기업은행,19
2403,003,기업은행,19
2404,003,기업은행,19
2405,003,기업은행,19
2406,003,기업은행,19
2407,003,기업은행,19
2408,003,기업은행,19
2409,003,기업은행,19
2410,003,기업은행,19
2411,003,기업은행,19
2412,003,기업은행,19
2413,003,기업은행,19
2414,003,기업은행,19
2415,003,기업은행,19
2416,003,기업은행,19
2417,011,농협은행,10
2418,003,기업은행,19
2419,003,기업은행,19
2420,003,기업은행,19
2421,003,기업은행,19
2422,003,기업은행,19
2423,003,기업은행,19
2424,003,기업은행,19
2425,003,기업은행,19
2426,003,기업은행,19
2427,003,기업은행,19
2428,003,기업은행,19
2429,003,기업은행,19
2430,003,기업은행,19
2431,003,기업은행,19
2432,003,기업은행,19
2433,003,기업은행,19
2434,003,기업은행,19
2435,003,기업은행,19
2436,003,기업은행,19
2437,003,기업은행,19
2438,003,기업은행,19
2439,003,기업은행,19
2440,003,기업은행,19
2441,071,우체국,37
2442,003,기업은행,19
2443,003,기업은행,19
2444,003,기업은행,19
2445,003,기업은행,19
2446,003,기업은행,19
2447,003,기업은행,19
2448,003,기업은행,19
2449,003,기업은행,19
2450,003,기업은행,19
2451,071,우체국,37
2452,003,기업은행,19
2453,003,기업은행,19
2454,003,기업은행,19
2455,003,기업은행,19
2456,003,기업은행,19
2457,003,기업은행,19
2458,003,기업은행,19
2459,F01,대명저축은행,49
2460,003,기업은행,19
2461,003,기업은행,19
2462,071,우체국,37
2463,071,우체국,37
2464,071,우체국,37
2465,071,우체국,37
2466,071,우체국,37
2467,071,우체국,37
2468,071,우체국,37
2469,071,우체국,37
2470,071,우체국,37
2471,071,우체국,37
2472,071,우체국,37
2473,071,우체국,37
2474,071,우체국,37
2475,071,우체국,37
2476,071,우체국,37
2477,071,우체국,37
2478,071,우체국,37
2479,071,우체국,37
2480,071,우체국,37
2481,071,우체국,37
2482,071,우체국,37
2483,071,우체국,37
2484,071,우체국,37
2485,071,우체국,37
2486,A17,웰컴저축은행,0
2487,A17,웰컴저축은행,0
2488,088,신한은행,9
2489,071,우체국,37
2490,A17,웰컴저축은행,0
2491,071,우체국,37
2492,071,우체국,37
2493,071,우체국,37
2494,071,우체국,37
2495,071,우체국,37
2496,071,우체국,37
2497,071,우체국,37
2498,A17,웰컴저축은행,0
2499,A17,웰컴저축은행,0
2500,A17,웰컴저축은행,0
2501,A22,푸른저축,38
2502,A17,웰컴저축은행,0
2503,A17,웰컴저축은행,0
2504,A17,웰컴저축은행,0
2505,A17,웰컴저축은행,0
2506,F05,오투저축은행,32
2507,A17,웰컴저축은행,0
2508,A17,웰컴저축은행,0
2509,A17,웰컴저축은행,0
2510,A17,웰컴저축은행,0
2511,A22,푸른저축,38
2512,A17,웰컴저축은행,0
2513,A17,웰컴저축은행,0
2514,A17,웰컴저축은행,0
2515,A17,웰컴저축은행,0
2516,032,부산은행,4
2517,A17,웰컴저축은행,0
2518,A17,웰컴저축은행,0
2519,A17,웰컴저축은행,0
2520,F05,오투저축은행,32
2521,Z03,카카오뱅크,21
2522,A17,웰컴저축은행,0
2523,A17,웰컴저축은행,0
2524,A17,웰컴저축은행,0
2525,A17,웰컴저축은행,0
2526,A17,웰컴저축은행,0
2527,A17,웰컴저축은행,0
2528,A17,웰컴저축은행,0
2529,A17,웰컴저축은행,0
2530,A17,웰컴저축은행,0
2531,A22,푸른저축,38
2532,A17,웰컴저축은행,0
2533,A17,웰컴저축은행,0
2534,A17,웰컴저축은행,0
2535,F05,오투저축은행,32
2536,F05,오투저축은행,32
2537,A17,웰컴저축은행,0
2538,A22,푸른저축,38
2539,F05,오투저축은행,32
2540,A17,웰컴저축은행,0
2541,A23,하나저축,7
2542,F02,상상인플러스저축은행,33
2543,A23,하나저축,7
2544,A17,웰컴저축은행,0
2545,A17,웰컴저축은행,0
2546,A17,웰컴저축은행,0
2547,A17,웰컴저축은행,0
2548,A17,웰컴저축은행,0
2549,A17,웰컴저축은행,0
2550,A17,웰컴저축은행,0
2551,A17,웰컴저축은행,0
2552,A17,웰컴저축은행,0
2553,F01,대명저축은행,49
2554,A17,웰컴저축은행,0
2555,A17,웰컴저축은행,0
2556,A17,웰컴저축은행,0
2557,F01,대명저축은행,49
2558,A17,웰컴저축은행,0
2559,A17,웰컴저축은행,0
2560,A22,푸른저축,38
2561,A17,웰컴저축은행,0
2562,A17,웰컴저축은행,0
2563,A17,웰컴저축은행,0
2564,A17,웰컴저축은행,0
2565,A17,웰컴저축은행,0
2566,A17,웰컴저축은행,0
2567,A17,웰컴저축은행,0
2568,A17,웰컴저축은행,0
2569,A17,웰컴저축은행,0
2570,E05,센트럴저축은행,22
2571,007,수협은행,1
2572,D05,드림저축은행,17
2573,D05,드림저축은행,17
2574,D05,드림저축은행,17
2575,A17,웰컴저축은행,0
2576,A17,웰컴저축은행,0
2577,D05,드림저축은행,17
2578,Z03,카카오뱅크,21
2579,A17,웰컴저축은행,0
2580,004,국민은행,25
2581,A17,웰컴저축은행,0
2582,A17,웰컴저축은행,0
2583,A17,웰컴저축은행,0
2584,A17,웰컴저축은행,0
2585,A17,웰컴저축은행,0
2586,F05,오투저축은행,32
2587,A17,웰컴저축은행,0
2588,A17,웰컴저축은행,0
2589,A22,푸른저축,38
2590,A22,푸른저축,38
2591,A22,푸른저축,38
2592,F05,오투저축은행,32
2593,A23,하나저축,7
2594,A23,하나저축,7
2595,F01,대명저축은행,49
2596,A23,하나저축,7
2597,A23,하나저축,7
2598,A23,하나저축,7
2599,A23,하나저축,7
2600,004,국민은행,25
2601,A23,하나저축,7
2602,F05,오투저축은행,32
2603,A23,하나저축,7
2604,F01,대명저축은행,49
2605,A23,하나저축,7
2606,A23,하나저축,7
2607,A23,하나저축,7
2608,A23,하나저축,7
2609,A23,하나저축,7
2610,A23,하나저축,7
2611,A23,하나저축,7
2612,A23,하나저축,7
2613,A23,하나저축,7
2614,A23,하나저축,7
2615,A23,하나저축,7
2616,A23,하나저축,7
2617,A23,하나저축,7
2618,A23,하나저축,7
2619,A23,하나저축,7
2620,F01,대명저축은행,49
2621,F01,대명저축은행,49
2622,F01,대명저축은행,49
2623,007,수협은행,1
2624,F01,대명저축은행,49
2625,F01,대명저축은행,49
2626,F01,대명저축은행,49
2627,F01,대명저축은행,49
2628,003,기업은행,19
2629,F01,대명저축은행,49
2630,F01,대명저축은행,49
2631,F01,대명저축은행,49
2632,F01,대명저축은행,49
2633,F01,대명저축은행,49
2634,F01,대명저축은행,49
2635,F01,대명저축은행,49
2636,F01,대명저축은행,49
2637,F01,대명저축은행,49
2638,F01,대명저축은행,49
2639,F01,대명저축은행,49
2640,F01,대명저축은행,49
2641,F01,대명저축은행,49
2642,F01,대명저축은행,49
2643,F01,대명저축은행,49
2644,F01,대명저축은행,49
2645,F01,대명저축은행,49
2646,F01,대명저축은행,49
2647,F01,대명저축은행,49
2648,032,부산은행,4
2649,F01,대명저축은행,49
2650,F01,대명저축은행,49
2651,F01,대명저축은행,49
2652,F01,대명저축은행,49
2653,F01,대명저축은행,49
2654,F02,상상인플러스저축은행,33
2655,F02,상상인플러스저축은행,33
2656,F02,상상인플러스저축은행,33
2657,F02,상상인플러스저축은행,33
2658,D05,드림저축은행,17
2659,F02,상상인플러스저축은행,33
2660,E04,삼호저축은행,26
2661,F05,오투저축은행,32
2662,007,수협은행,1
2663,F02,상상인플러스저축은행,33
2664,F02,상상인플러스저축은행,33
2665,F05,오투저축은행,32
2666,F02,상상인플러스저축은행,33
2667,F02,상상인플러스저축은행,33
2668,F02,상상인플러스저축은행,33
2669,F02,상상인플러스저축은행,33
2670,F02,상상인플러스저축은행,33
2671,F02,상상인플러스저축은행,33
2672,F02,상상인플러스저축은행,33
2673,F05,오투저축은행,32
2674,F02,상상인플러스저축은행,33
2675,F02,상상인플러스저축은행,33
2676,F02,상상인플러스저축은행,33
2677,F02,상상인플러스저축은행,33
2678,F05,오투저축은행,32
2679,039,경남은행,5
2680,F05,오투저축은행,32
2681,F05,오투저축은행,32
2682,F05,오투저축은행,32
2683,007,수협은행,1
2684,F05,오투저축은행,32
2685,F05,오투저축은행,32
2686,F05,오투저축은행,32
2687,F05,오투저축은행,32
2688,F05,오투저축은행,32
2689,F05,오투저축은행,32
2690,F05,오투저축은행,32
2691,F05,오투저축은행,32
2692,003,기업은행,19
2693,Z03,카카오뱅크,21
2694,007,수협은행,1
2695,007,수협은행,1
2696,088,신한은행,9
2697,007,수협은행,1
2698,007,수협은행,1
2699,007,수협은행,1
2700,007,수협은행,1
2701,003,기업은행,19
2702,003,기업은행,19
2703,003,기업은행,19
2704,007,수협은행,1
2705,007,수협은행,1
2706,007,수협은행,1
2707,D07,머스트삼일저축은행,8
2708,007,수협은행,1
2709,D05,드림저축은행,17
2710,007,수협은행,1
2711,004,국민은행,25
2712,007,수협은행,1
2713,088,신한은행,9
2714,D05,드림저축은행,17
2715,088,신한은행,9
2716,039,경남은행,5
2717,004,국민은행,25
2718,039,경남은행,5
2719,039,경남은행,5
2720,037,전북은행,27
2721,007,수협은행,1
2722,007,수협은행,1
2723,037,전북은행,27
2724,F05,오투저축은행,32
2725,007,수협은행,1
2726,D07,머스트삼일저축은행,8
2727,D05,드림저축은행,17
2728,D05,드림저축은행,17
2729,088,신한은행,9
2730,D07,머스트삼일저축은행,8
2731,037,전북은행,27
2732,011,농협은행,10
2733,088,신한은행,9
2734,A03,KB저축은행,24
2735,A05,OK저축은행,6
2736,088,신한은행,9
2737,F01,대명저축은행,49
2738,E01,대한저축은행,41
2739,E01,대한저축은행,41
2740,E03,동양저축은행,43
2741,020,우리은행,16
2742,088,신한은행,9
2743,004,국민은행,25
2744,004,국민은행,25
2745,F01,대명저축은행,49
2746,F05,오투저축은행,32
2747,003,기업은행,19
2748,003,기업은행,19
2749,A22,푸른저축,38
2750,F05,오투저축은행,32
2751,A23,하나저축,7
2752,088,신한은행,9
2753,F02,상상인플러스저축은행,33
2754,F01,대명저축은행,49
2755,F01,대명저축은행,49
2756,007,수협은행,1
2757,F05,오투저축은행,32
2758,088,신한은행,9
2759,088,신한은행,9
2760,004,국민은행,25
2761,A15,애큐온저축은행,14
2762,A14,신한저축은행,15
2763,032,부산은행,4
2764,032,부산은행,4
2765,004,국민은행,25
2766,004,국민은행,25
2767,032,부산은행,4
2768,032,부산은행,4
2769,032,부산은행,4
2770,003,기업은행,19
2771,003,기업은행,19
2772,003,기업은행,19
2773,003,기업은행,19
2774,071,우체국,37
2775,A17,웰컴저축은행,0
2776,037,전북은행,27
2777,F05,오투저축은행,32
2778,Z03,카카오뱅크,21
2779,Z03,카카오뱅크,21
